id,n,w,total_length,two_hump_label,sigma_class,exact_class,certified_cap,quotient_component_size,run_start
ms0059,3,x^{-1}y^{-1}xy^{-1},14,13_1,0,0,25,729472671,fcc:fcc_ak3_cap25.log
ms0066,3,yxyx^{-1},14,13_1,0,0,25,729472671,fcc:fcc_ak3_cap25.log
ms0352,2,x^{-2}y^{-1}x^{2}y^{-1},14,14_1,1,1,26,442977536,fcc:fcc_ms0352_cap26.log
ms0359,2,x^{-2}y^{-1}x^{2}y,14,14_2,2,2,26,140059863,fcc:fcc_ms0359_cap26.log
ms0366,2,yx^{2}yx^{-2},14,14_1,1,1,26,442977536,fcc:fcc_ms0352_cap26.log
ms0415,2,yx^{2}y^{-1}x^{-2},14,14_2,2,2,26,140059863,fcc:fcc_ms0359_cap26.log
ms0101,3,yxyx^{-1}y^{-1},15,13_1,0,0,25,729472671,fcc:fcc_ak3_cap25.log
ms0108,3,yxyx^{-1}y,15,13_1,0,0,25,729472671,fcc:fcc_ak3_cap25.log
ms0129,3,y^{-1}xy^{-1}x^{-1}y^{-1},15,13_1,0,0,25,729472671,fcc:fcc_ak3_cap25.log
ms0157,3,y^{2}xy^{-1}x^{-1},15,13_1,0,0,25,729472671,fcc:fcc_ak3_cap25.log
ms0199,3,yx^{-1}y^{-1}xy^{-1},15,13_1,0,0,25,729472671,fcc:fcc_ak3_cap25.log
ms0206,3,x^{-1}y^{-2}xy,15,13_1,0,0,25,729472671,fcc:fcc_ak3_cap25.log
ms0527,2,yxyxy^{-1}x^{-2},15,15_7,5,7,25,46500840,ms0527
ms0534,2,yxyxyx^{-2},15,15_6,3,3,25,48015592,ms0534
ms0765,2,yx^{2}yx^{-1}yx^{-1},15,15_3,4,4,25,47711584,ms0765
ms0835,2,x^{-1}y^{-1}x^{2}yx^{-1}y^{-1},15,15_8,6,8,25,46807908,ms0835
ms0842,2,x^{-1}y^{-1}x^{2}y^{-1}x^{-1}y^{-1},15,15_9,4,5,25,47711584,ms0765
ms0898,2,x^{-1}y^{-1}x^{-1}y^{-1}x^{2}y,15,14_1,1,1,26,442977536,fcc:fcc_ms0352_cap26.log
ms0905,2,x^{-1}y^{-1}x^{-1}y^{-1}x^{2}y^{-1},15,14_2,2,2,26,140059863,fcc:fcc_ms0359_cap26.log
ms0912,2,x^{-2}y^{-1}xyxy,15,15_3,4,4,25,47711584,ms0765
ms0919,2,x^{-2}y^{-1}xyxy^{-1},15,15_5,6,9,25,46807908,ms0835
ms0926,2,x^{-2}y^{-1}x^{2}y^{2},15,15_9,4,5,25,47711584,ms0765
ms0933,2,x^{-2}y^{-1}x^{2}y^{-2},15,15_6,3,3,25,48015592,ms0534
ms0940,2,x^{-2}y^{-1}xy^{-1}xy,15,15_4,5,10,25,46500840,ms0527
ms0947,2,x^{-2}y^{-1}xy^{-1}xy^{-1},15,15_2,3,6,25,48015592,ms0534
ms0968,2,yx^{2}y^{2}x^{-2},15,15_2,3,6,25,48015592,ms0534
ms0989,2,yx^{2}yx^{-1}y^{-1}x^{-1},15,15_4,5,10,25,46500840,ms0527
ms0996,2,yx^{2}yx^{-2}y,15,14_2,2,2,26,140059863,fcc:fcc_ms0359_cap26.log
ms1003,2,yx^{2}yx^{-2}y^{-1},15,14_2,2,2,26,140059863,fcc:fcc_ms0359_cap26.log
ms1010,2,yx^{2}y^{-2}x^{-2},15,15_3,4,4,25,47711584,ms0765
ms1017,2,yx^{2}y^{-1}x^{-1}yx^{-1},15,15_5,6,9,25,46807908,ms0835
ms1024,2,yx^{2}y^{-1}x^{-1}y^{-1}x^{-1},15,15_2,3,6,25,48015592,ms0534
ms1031,2,yx^{2}y^{-1}x^{-2}y,15,14_1,1,1,26,442977536,fcc:fcc_ms0352_cap26.log
ms1038,2,yx^{2}y^{-1}x^{-2}y^{-1},15,14_1,1,1,26,442977536,fcc:fcc_ms0352_cap26.log
ms1045,2,yxy^{-1}xyx^{-2},15,15_8,6,8,25,46807908,ms0835
ms1052,2,yxy^{-1}xy^{-1}x^{-2},15,15_9,4,5,25,47711584,ms0765
ms1108,2,yx^{-1}y^{-1}x^{2}yx^{-1},15,14_1,1,1,26,442977536,fcc:fcc_ms0352_cap26.log
ms1115,2,yx^{-1}y^{-1}x^{2}y^{-1}x^{-1},15,14_2,2,2,26,140059863,fcc:fcc_ms0359_cap26.log
ms1157,2,yx^{-2}y^{-1}x^{2}y,15,15_6,3,3,25,48015592,ms0534
ms1164,2,yx^{-2}y^{-1}x^{2}y^{-1},15,15_7,5,7,25,46500840,ms0527
ms0060,4,x^{-1}y^{-1}xy^{-1},16,15_1,7,11,25,108612802,fcc:fcc_ms0060_cap25.log
ms0067,4,yxyx^{-1},16,15_1,7,12,25,108612802,fcc:fcc_ms0060_cap25.log
ms0234,3,y^{-1}xy^{-1}x^{-1}y^{-2},16,13_1,0,0,25,729472671,fcc:fcc_ak3_cap25.log
ms0262,3,y^{2}x^{-1}y^{-1}xy^{-1},16,13_1,0,0,25,729472671,fcc:fcc_ak3_cap25.log
ms0269,3,y^{2}xy^{-1}x^{-1}y,16,13_1,0,0,25,729472671,fcc:fcc_ak3_cap25.log
ms0276,3,y^{2}xy^{-1}x^{-1}y^{-1},16,13_1,0,0,25,729472671,fcc:fcc_ak3_cap25.log
ms0304,3,yx^{-1}y^{-2}xy,16,13_1,0,0,25,729472671,fcc:fcc_ak3_cap25.log
ms0346,3,yxyx^{-1}y^{-2},16,13_1,0,0,25,729472671,fcc:fcc_ak3_cap25.log
ms0353,3,x^{-2}y^{-1}x^{2}y^{-1},16,16_2,8,13,25,2856804,ms0353
ms0360,3,x^{-2}y^{-1}x^{2}y,16,16_3,9,14,25,8022016,ms0360
ms0367,3,yx^{2}yx^{-2},16,16_2,8,15,25,2856804,ms0353
ms0374,3,yxyx^{-1}y^{2},16,13_1,0,0,25,729472671,fcc:fcc_ak3_cap25.log
ms0409,3,yxy^{-3}x^{-1},16,13_1,0,0,25,729472671,fcc:fcc_ak3_cap25.log
ms0416,3,yx^{2}y^{-1}x^{-2},16,16_3,9,16,25,8022016,ms0360
ms0458,3,x^{-1}y^{-1}xy^{3},16,13_1,0,0,25,729472671,fcc:fcc_ak3_cap25.log
ms0472,3,y^{-1}x^{-1}y^{-2}xy,16,13_1,0,0,25,729472671,fcc:fcc_ak3_cap25.log
ms0088,4,x^{-1}y^{-1}xy^{2},17,14_1,10,17,26,442977536,fcc:fcc_ms0352_cap26.log
ms0102,4,yxyx^{-1}y^{-1},17,15_1,7,12,25,108612802,fcc:fcc_ms0060_cap25.log
ms0109,4,yxyx^{-1}y,17,15_1,7,25,25,108612802,fcc:fcc_ms0060_cap25.log
ms0116,4,x^{-1}y^{-1}xy^{-2},17,15_{11},11,19,25,59069860,fcc:fcc_ms0116_cap25.log
ms0130,4,y^{-1}xy^{-1}x^{-1}y^{-1},17,15_1,7,26,25,108612802,fcc:fcc_ms0060_cap25.log
ms0137,4,yxy^{-2}x^{-1},17,14_1,10,18,26,442977536,fcc:fcc_ms0352_cap26.log
ms0172,4,yxy^{2}x^{-1},17,15_{10},11,20,25,59069860,fcc:fcc_ms0116_cap25.log
ms0200,4,yx^{-1}y^{-1}xy^{-1},17,15_1,7,11,25,108612802,fcc:fcc_ms0060_cap25.log
ms0507,3,yxyx^{-1}y^{-3},17,13_1,0,0,25,729472671,fcc:fcc_ak3_cap25.log
ms0528,3,yxyxy^{-1}x^{-2},17,17_{13},14,27,25,1584940,ms0528
ms0535,3,yxyxyx^{-2},17,17_{12},15,28,25,1806828,ms0535
ms0556,3,yxyx^{-1}y^{3},17,13_1,0,0,25,729472671,fcc:fcc_ak3_cap25.log
ms0570,3,x^{-2}y^{-2}x^{2}y^{-1},17,17_9,12,21,25,2600208,ms0570
ms0577,3,y^{2}x^{-1}y^{-2}xy,17,13_1,0,0,25,729472671,fcc:fcc_ak3_cap25.log
ms0584,3,y^{4}xyx^{-1},17,13_1,0,0,25,729472671,fcc:fcc_ak3_cap25.log
ms0647,3,y^{3}x^{-1}y^{-1}xy^{-1},17,13_1,0,0,25,729472671,fcc:fcc_ak3_cap25.log
ms0654,3,y^{2}xy^{3}x^{-1},17,13_1,0,0,25,729472671,fcc:fcc_ak3_cap25.log
ms0689,3,y^{2}x^{2}yx^{-2},17,17_{16},12,22,25,2600208,ms0570
ms0696,3,y^{2}x^{2}y^{-1}x^{-2},17,17_{17},13,23,25,2514864,ms0696
ms0717,3,y^{2}xy^{-1}x^{-1}y^{2},17,13_1,0,0,25,729472671,fcc:fcc_ak3_cap25.log
ms0724,3,y^{2}xy^{-1}x^{-1}y^{-2},17,13_1,0,0,25,729472671,fcc:fcc_ak3_cap25.log
ms0766,3,yx^{2}yx^{-1}yx^{-1},17,17_3,16,29,25,2065276,ms0766
ms0773,3,y^{-1}xy^{-1}x^{-1}y^{-3},17,13_1,0,0,25,729472671,fcc:fcc_ak3_cap25.log
ms0780,3,y^{-2}xyx^{-1}y^{-2},17,13_1,0,0,25,729472671,fcc:fcc_ak3_cap25.log
ms0836,3,x^{-1}y^{-1}x^{2}yx^{-1}y^{-1},17,17_{26},17,30,25,2013972,ms0836
ms0843,3,x^{-1}y^{-1}x^{2}y^{-1}x^{-1}y^{-1},17,17_{27},16,31,25,2065276,ms0766
ms0864,3,x^{-1}y^{-2}xy^{-3},17,13_1,0,0,25,729472671,fcc:fcc_ak3_cap25.log
ms0892,3,x^{-1}y^{-4}xy^{-1},17,13_1,0,0,25,729472671,fcc:fcc_ak3_cap25.log
ms0899,3,x^{-1}y^{-1}x^{-1}y^{-1}x^{2}y,17,17_{28},18,32,25,1998360,ms0899
ms0906,3,x^{-1}y^{-1}x^{-1}y^{-1}x^{2}y^{-1},17,17_{29},19,33,25,1973044,ms0906
ms0913,3,x^{-2}y^{-1}xyxy,17,17_{22},20,34,25,1739548,ms0913
ms0920,3,x^{-2}y^{-1}xyxy^{-1},17,17_{23},21,35,25,1684880,ms0920
ms0927,3,x^{-2}y^{-1}x^{2}y^{2},17,17_{20},22,36,25,2692132,ms0927
ms0934,3,x^{-2}y^{-1}x^{2}y^{-2},17,17_{21},23,37,25,2722980,ms0934
ms0941,3,x^{-2}y^{-1}xy^{-1}xy,17,17_{24},14,38,25,1584940,ms0528
ms0948,3,x^{-2}y^{-1}xy^{-1}xy^{-1},17,17_{25},15,39,25,1806828,ms0535
ms0955,3,x^{-2}y^{-2}x^{2}y,17,17_5,13,24,25,2514864,ms0696
ms0969,3,yx^{2}y^{2}x^{-2},17,17_2,23,40,25,2722980,ms0934
ms0990,3,yx^{2}yx^{-1}y^{-1}x^{-1},17,17_6,24,41,25,1923336,ms0990
ms0997,3,yx^{2}yx^{-2}y,17,17_4,19,42,25,1973044,ms0906
ms1004,3,yx^{2}yx^{-2}y^{-1},17,17_5,13,24,25,2514864,ms0696
ms1011,3,yx^{2}y^{-2}x^{-2},17,17_{11},22,43,25,2692132,ms0927
ms1018,3,yx^{2}y^{-1}x^{-1}yx^{-1},17,17_7,17,44,25,2013972,ms0836
ms1025,3,yx^{2}y^{-1}x^{-1}y^{-1}x^{-1},17,17_{10},25,45,25,2018976,ms1025
ms1032,3,yx^{2}y^{-1}x^{-2}y,17,17_8,18,46,25,1998360,ms0899
ms1039,3,yx^{2}y^{-1}x^{-2}y^{-1},17,17_9,12,21,25,2600208,ms0570
ms1046,3,yxy^{-1}xyx^{-2},17,17_{14},21,47,25,1684880,ms0920
ms1053,3,yxy^{-1}xy^{-1}x^{-2},17,17_{15},20,48,25,1739548,ms0913
ms1067,3,yxy^{-3}x^{-1}y,17,13_1,0,0,25,729472671,fcc:fcc_ak3_cap25.log
ms1074,3,yxy^{-3}x^{-1}y^{-1},17,13_1,0,0,25,729472671,fcc:fcc_ak3_cap25.log
ms1102,3,yx^{-1}y^{-1}xy^{3},17,13_1,0,0,25,729472671,fcc:fcc_ak3_cap25.log
ms1109,3,yx^{-1}y^{-1}x^{2}yx^{-1},17,17_{16},12,22,25,2600208,ms0570
ms1116,3,yx^{-1}y^{-1}x^{2}y^{-1}x^{-1},17,17_{17},13,23,25,2514864,ms0696
ms1158,3,yx^{-2}y^{-1}x^{2}y,17,17_{18},25,49,25,2018976,ms1025
ms1165,3,yx^{-2}y^{-1}x^{2}y^{-1},17,17_{19},24,50,25,1923336,ms0990
ms1172,3,y^{-1}xy^{3}x^{-1}y^{-1},17,13_1,0,0,25,729472671,fcc:fcc_ak3_cap25.log
ms0061,5,x^{-1}y^{-1}xy^{-1},18,16_1,26,53,25,5844280,ms0061
ms0068,5,yxyx^{-1},18,16_1,26,54,25,5844280,ms0061
ms0214,4,yx^{-1}y^{-1}xy^{2},18,14_1,10,17,26,442977536,fcc:fcc_ms0352_cap26.log
ms0221,4,yxy^{-2}x^{-1}y,18,14_1,10,18,26,442977536,fcc:fcc_ms0352_cap26.log
ms0228,4,y^{-1}xy^{-2}x^{-1}y^{-1},18,15_{11},11,19,25,59069860,fcc:fcc_ms0116_cap25.log
ms0235,4,y^{-1}xy^{-1}x^{-1}y^{-2},18,15_1,7,51,25,108612802,fcc:fcc_ms0060_cap25.log
ms0242,4,yx^{-1}y^{-1}xy^{-2},18,15_{11},11,19,25,59069860,fcc:fcc_ms0116_cap25.log
ms0256,4,y^{-1}xy^{2}x^{-1}y^{-1},18,14_1,10,17,26,442977536,fcc:fcc_ms0352_cap26.log
ms0263,4,y^{2}x^{-1}y^{-1}xy^{-1},18,15_1,7,11,25,108612802,fcc:fcc_ms0060_cap25.log
ms0326,4,yxy^{-2}x^{-1}y^{-1},18,14_1,10,18,26,442977536,fcc:fcc_ms0352_cap26.log
ms0347,4,yxyx^{-1}y^{-2},18,15_1,7,12,25,108612802,fcc:fcc_ms0060_cap25.log
ms0354,4,x^{-2}y^{-1}x^{2}y^{-1},18,18_3,27,55,25,262192,ms0354
ms0361,4,x^{-2}y^{-1}x^{2}y,18,18_2,28,56,25,260832,ms0361
ms0368,4,yx^{2}yx^{-2},18,18_1,27,57,25,262192,ms0354
ms0375,4,yxyx^{-1}y^{2},18,15_1,7,52,25,108612802,fcc:fcc_ms0060_cap25.log
ms0396,4,y^{3}xy^{-1}x^{-1},18,15_1,7,11,25,108612802,fcc:fcc_ms0060_cap25.log
ms0403,4,x^{-1}y^{-3}xy,18,15_1,7,12,25,108612802,fcc:fcc_ms0060_cap25.log
ms0410,4,yxy^{-3}x^{-1},18,15_{10},11,20,25,59069860,fcc:fcc_ms0116_cap25.log
ms0417,4,yx^{2}y^{-1}x^{-2},18,18_2,28,58,25,260832,ms0361
ms0438,4,yxy^{2}x^{-1}y^{-1},18,15_{10},11,20,25,59069860,fcc:fcc_ms0116_cap25.log
ms0452,4,yxy^{2}x^{-1}y,18,15_{10},11,20,25,59069860,fcc:fcc_ms0116_cap25.log
ms0459,4,x^{-1}y^{-1}xy^{3},18,15_{11},11,19,25,59069860,fcc:fcc_ms0116_cap25.log
ms0480,4,yxy^{3}x^{-1},18,14_1,10,18,26,442977536,fcc:fcc_ms0352_cap26.log
ms0487,4,x^{-1}y^{-1}xy^{-3},18,14_1,10,17,26,442977536,fcc:fcc_ms0352_cap26.log
ms0103,5,yxyx^{-1}y^{-1},19,16_1,29,61,25,19801610,ms0103
ms0110,5,yxyx^{-1}y,19,16_1,31,62,25,1653528,ms0110
ms0117,5,x^{-1}y^{-1}xy^{-2},19,14_1,10,63,26,442977536,fcc:fcc_ms0352_cap26.log
ms0131,5,y^{-1}xy^{-1}x^{-1}y^{-1},19,16_1,31,64,25,1653528,ms0110
ms0152,5,y^{2}xyx^{-1},19,17_{30},32,65,25,4942392,ms0152
ms0159,5,y^{2}xy^{-1}x^{-1},19,17_{31},30,59,25,16922300,ms0159
ms0166,5,x^{-1}y^{-2}xy^{-1},19,17_{33},32,66,25,4942392,ms0152
ms0173,5,yxy^{2}x^{-1},19,14_1,10,67,26,442977536,fcc:fcc_ms0352_cap26.log
ms0201,5,yx^{-1}y^{-1}xy^{-1},19,16_1,29,68,25,19801610,ms0103
ms0208,5,x^{-1}y^{-2}xy,19,17_{32},30,60,25,16922300,ms0159
ms0508,4,yxyx^{-1}y^{-3},19,15_1,7,12,25,108612802,fcc:fcc_ms0060_cap25.log
ms0522,4,yxy^{3}x^{-1}y,19,14_1,10,18,26,442977536,fcc:fcc_ms0352_cap26.log
ms0529,4,yxyxy^{-1}x^{-2},19,19_{12},33,69,25,70636,ms0529
ms0536,4,yxyxyx^{-2},19,19_{11},34,70,25,81344,ms0536
ms0543,4,yxy^{2}x^{-1}y^{2},19,15_{10},11,71,25,59069860,fcc:fcc_ms0116_cap25.log
ms0550,4,yxy^{2}x^{-1}y^{-2},19,15_{10},11,20,25,59069860,fcc:fcc_ms0116_cap25.log
ms0557,4,yxyx^{-1}y^{3},19,15_1,7,52,25,108612802,fcc:fcc_ms0060_cap25.log
ms0564,4,yxy^{3}x^{-1}y^{-1},19,14_1,10,18,26,442977536,fcc:fcc_ms0352_cap26.log
ms0571,4,x^{-2}y^{-2}x^{2}y^{-1},19,19_{28},35,72,25,392064,ms0571
ms0599,4,y^{3}xy^{2}x^{-1},19,14_1,10,17,26,442977536,fcc:fcc_ms0352_cap26.log
ms0620,4,y^{3}xy^{-2}x^{-1},19,15_{11},11,19,25,59069860,fcc:fcc_ms0116_cap25.log
ms0627,4,y^{3}xy^{-1}x^{-1}y,19,15_1,7,11,25,108612802,fcc:fcc_ms0060_cap25.log
ms0634,4,y^{3}xy^{-1}x^{-1}y^{-1},19,15_1,7,11,25,108612802,fcc:fcc_ms0060_cap25.log
ms0648,4,y^{3}x^{-1}y^{-1}xy^{-1},19,15_1,7,11,25,108612802,fcc:fcc_ms0060_cap25.log
ms0690,4,y^{2}x^{2}yx^{-2},19,19_{15},35,73,25,392064,ms0571
ms0697,4,y^{2}x^{2}y^{-1}x^{-2},19,19_{16},36,74,25,406564,ms0697
ms0732,4,y^{2}x^{-1}y^{-1}xy^{2},19,14_1,10,17,26,442977536,fcc:fcc_ms0352_cap26.log
ms0739,4,y^{2}x^{-1}y^{-1}xy^{-2},19,15_{11},11,19,25,59069860,fcc:fcc_ms0116_cap25.log
ms0767,4,yx^{2}yx^{-1}yx^{-1},19,19_2,37,75,25,59776,ms0767
ms0774,4,y^{-1}xy^{-1}x^{-1}y^{-3},19,15_1,7,51,25,108612802,fcc:fcc_ms0060_cap25.log
ms0816,4,y^{-1}x^{-1}y^{-3}xy,19,15_1,7,12,25,108612802,fcc:fcc_ms0060_cap25.log
ms0830,4,x^{-1}y^{-1}xy^{4},19,15_1,7,11,25,108612802,fcc:fcc_ms0060_cap25.log
ms0837,4,x^{-1}y^{-1}x^{2}yx^{-1}y^{-1},19,19_{29},38,76,25,146084,ms0837
ms0844,4,x^{-1}y^{-1}x^{2}y^{-1}x^{-1}y^{-1},19,19_{30},37,77,25,59776,ms0767
ms0872,4,x^{-1}y^{-3}xy^{2},19,15_{10},11,20,25,59069860,fcc:fcc_ms0116_cap25.log
ms0879,4,x^{-1}y^{-3}xy^{-2},19,14_1,10,18,26,442977536,fcc:fcc_ms0352_cap26.log
ms0900,4,x^{-1}y^{-1}x^{-1}y^{-1}x^{2}y,19,19_{31},39,78,25,58688,ms0900
ms0907,4,x^{-1}y^{-1}x^{-1}y^{-1}x^{2}y^{-1},19,19_{32},40,79,25,59776,ms0907
ms0914,4,x^{-2}y^{-1}xyxy,19,19_{23},41,80,25,92276,ms0914
ms0921,4,x^{-2}y^{-1}xyxy^{-1},19,19_{24},42,81,25,96408,ms0921
ms0928,4,x^{-2}y^{-1}x^{2}y^{2},19,19_{21},43,82,25,214172,ms0928
ms0935,4,x^{-2}y^{-1}x^{2}y^{-2},19,19_{22},44,83,25,210952,ms0935
ms0942,4,x^{-2}y^{-1}xy^{-1}xy,19,19_{25},33,84,25,70636,ms0529
ms0949,4,x^{-2}y^{-1}xy^{-1}xy^{-1},19,19_{26},34,85,25,81344,ms0536
ms0956,4,x^{-2}y^{-2}x^{2}y,19,19_{27},36,86,25,406564,ms0697
ms0963,4,y^{-1}xy^{-2}x^{-1}y^{-2},19,15_{11},11,87,25,59069860,fcc:fcc_ms0116_cap25.log
ms0970,4,yx^{2}y^{2}x^{-2},19,19_1,44,88,25,210952,ms0935
ms0977,4,y^{-1}xy^{-3}x^{-1}y^{-1},19,14_1,10,17,26,442977536,fcc:fcc_ms0352_cap26.log
ms0984,4,y^{-1}xy^{2}x^{-1}y^{-2},19,14_1,10,17,26,442977536,fcc:fcc_ms0352_cap26.log
ms0991,4,yx^{2}yx^{-1}y^{-1}x^{-1},19,19_5,45,89,25,126816,ms0991
ms0998,4,yx^{2}yx^{-2}y,19,19_3,40,90,25,59776,ms0907
ms1005,4,yx^{2}yx^{-2}y^{-1},19,19_4,46,91,25,131588,ms1005
ms1012,4,yx^{2}y^{-2}x^{-2},19,19_{10},43,92,25,214172,ms0928
ms1019,4,yx^{2}y^{-1}x^{-1}yx^{-1},19,19_6,38,93,25,146084,ms0837
ms1026,4,yx^{2}y^{-1}x^{-1}y^{-1}x^{-1},19,19_9,47,94,25,58688,ms1026
ms1033,4,yx^{2}y^{-1}x^{-2}y,19,19_7,39,95,25,58688,ms0900
ms1040,4,yx^{2}y^{-1}x^{-2}y^{-1},19,19_8,48,96,25,170580,ms1040
ms1047,4,yxy^{-1}xyx^{-2},19,19_{13},42,97,25,96408,ms0921
ms1054,4,yxy^{-1}xy^{-1}x^{-2},19,19_{14},41,98,25,92276,ms0914
ms1061,4,yxy^{-4}x^{-1},19,15_1,7,12,25,108612802,fcc:fcc_ms0060_cap25.log
ms1068,4,yxy^{-3}x^{-1}y,19,15_{10},11,20,25,59069860,fcc:fcc_ms0116_cap25.log
ms1075,4,yxy^{-3}x^{-1}y^{-1},19,15_{10},11,20,25,59069860,fcc:fcc_ms0116_cap25.log
ms1082,4,yxy^{-2}x^{-1}y^{2},19,14_1,10,18,26,442977536,fcc:fcc_ms0352_cap26.log
ms1089,4,yxy^{-2}x^{-1}y^{-2},19,14_1,10,18,26,442977536,fcc:fcc_ms0352_cap26.log
ms1103,4,yx^{-1}y^{-1}xy^{3},19,15_{11},11,19,25,59069860,fcc:fcc_ms0116_cap25.log
ms1110,4,yx^{-1}y^{-1}x^{2}yx^{-1},19,19_{19},48,99,25,170580,ms1040
ms1117,4,yx^{-1}y^{-1}x^{2}y^{-1}x^{-1},19,19_{20},46,100,25,131588,ms1005
ms1124,4,yx^{-1}y^{-1}xy^{-3},19,14_1,10,17,26,442977536,fcc:fcc_ms0352_cap26.log
ms1145,4,yx^{-1}y^{-3}xy,19,15_1,7,12,25,108612802,fcc:fcc_ms0060_cap25.log
ms1159,4,yx^{-2}y^{-1}x^{2}y,19,19_{17},47,101,25,58688,ms1026
ms1166,4,yx^{-2}y^{-1}x^{2}y^{-1},19,19_{18},45,102,25,126816,ms0991
ms1173,4,y^{-1}xy^{3}x^{-1}y^{-1},19,15_{11},11,19,25,59069860,fcc:fcc_ms0116_cap25.log
ms0062,6,x^{-1}y^{-1}xy^{-1},20,20_9,51,107,25,641250,ms0062
ms0069,6,yxyx^{-1},20,20_8,51,108,25,641250,ms0062
ms0229,5,y^{-1}xy^{-2}x^{-1}y^{-1},20,14_1,52,109,25,1859568,ms0229
ms0236,5,y^{-1}xy^{-1}x^{-1}y^{-2},20,16_1,53,110,25,191492,ms0236
ms0243,5,yx^{-1}y^{-1}xy^{-2},20,14_1,10,111,26,442977536,fcc:fcc_ms0352_cap26.log
ms0264,5,y^{2}x^{-1}y^{-1}xy^{-1},20,16_1,29,112,25,19801610,ms0103
ms0271,5,y^{2}xy^{-1}x^{-1}y,20,17_{31},54,113,25,1976172,ms0271
ms0278,5,y^{2}xy^{-1}x^{-1}y^{-1},20,17_{31},30,59,25,16922300,ms0159
ms0292,5,yx^{-1}y^{-2}xy^{-1},20,17_{33},55,114,25,1971572,ms0292
ms0306,5,yx^{-1}y^{-2}xy,20,17_{32},30,60,25,16922300,ms0159
ms0334,5,y^{2}xyx^{-1}y^{-1},20,17_{30},55,115,25,1971572,ms0292
ms0341,5,x^{-1}y^{-2}xy^{-2},20,16_5,56,116,25,287196,ms0341
ms0348,5,yxyx^{-1}y^{-2},20,16_1,29,117,25,19801610,ms0103
ms0355,5,x^{-2}y^{-1}x^{2}y^{-1},20,20_3,57,118,25,35588,ms0355
ms0362,5,x^{-2}y^{-1}x^{2}y,20,20_2,58,119,25,35588,ms0362
ms0369,5,yx^{2}yx^{-2},20,20_1,57,120,25,35588,ms0355
ms0376,5,yxyx^{-1}y^{2},20,16_1,53,121,25,191492,ms0236
ms0383,5,y^{3}xyx^{-1},20,17_{32},50,105,25,2984856,ms0383
ms0390,5,x^{-1}y^{-3}xy^{-1},20,17_{31},50,106,25,2984856,ms0383
ms0397,5,y^{3}xy^{-1}x^{-1},20,17_{33},49,103,25,8025324,ms0397
ms0404,5,x^{-1}y^{-3}xy,20,17_{30},49,104,25,8025324,ms0397
ms0418,5,yx^{2}y^{-1}x^{-2},20,20_2,58,122,25,35588,ms0362
ms0439,5,yxy^{2}x^{-1}y^{-1},20,14_1,10,123,26,442977536,fcc:fcc_ms0352_cap26.log
ms0453,5,yxy^{2}x^{-1}y,20,14_1,52,124,25,1859568,ms0229
ms0467,5,y^{2}xy^{2}x^{-1},20,16_4,56,125,25,287196,ms0341
ms0474,5,y^{-1}x^{-1}y^{-2}xy,20,17_{32},54,126,25,1976172,ms0271
ms0495,5,y^{2}xyx^{-1}y,20,17_{30},59,127,25,605808,ms0495
ms0502,5,y^{-1}x^{-1}y^{-2}xy^{-1},20,17_{33},59,128,25,605808,ms0495
ms0090,6,x^{-1}y^{-1}xy^{2},21,19_{34},61,133,25,5298792,ms0090
ms0104,6,yxyx^{-1}y^{-1},21,17_1,62,134,25,1284600,ms0104
ms0111,6,yxyx^{-1}y,21,20_8,63,135,25,131616,ms0111
ms0118,6,x^{-1}y^{-1}xy^{-2},21,17_{36},64,136,25,1419600,ms0118
ms0132,6,y^{-1}xy^{-1}x^{-1}y^{-1},21,17_1,63,137,25,131616,ms0111
ms0139,6,yxy^{-2}x^{-1},21,19_{33},61,138,25,5298792,ms0090
ms0153,6,y^{2}xyx^{-1},21,16_6,65,139,25,3075696,ms0153
ms0160,6,y^{2}xy^{-1}x^{-1},21,16_7,66,140,25,14734276,ms0160
ms0167,6,x^{-1}y^{-2}xy^{-1},21,16_9,65,141,25,3075696,ms0153
ms0174,6,yxy^{2}x^{-1},21,17_{34},64,142,25,1419600,ms0118
ms0202,6,yx^{-1}y^{-1}xy^{-1},21,17_{35},62,143,25,1284600,ms0104
ms0209,6,x^{-1}y^{-2}xy,21,16_8,66,144,25,14734276,ms0160
ms0509,5,yxyx^{-1}y^{-3},21,16_1,29,129,25,19801610,ms0103
ms0530,5,yxyxy^{-1}x^{-2},21,21_{11},67,145,25,13856,ms0530
ms0537,5,yxyxyx^{-2},21,21_{10},68,146,25,12000,ms0537
ms0544,5,yxy^{2}x^{-1}y^{2},21,14_1,69,147,25,567648,ms0544
ms0551,5,yxy^{2}x^{-1}y^{-2},21,14_1,10,148,26,442977536,fcc:fcc_ms0352_cap26.log
ms0558,5,yxyx^{-1}y^{3},21,16_1,70,149,25,152832,ms0558
ms0572,5,x^{-2}y^{-2}x^{2}y^{-1},21,21_{26},71,150,25,52544,ms0572
ms0579,5,y^{2}x^{-1}y^{-2}xy,21,17_{32},30,151,25,16922300,ms0159
ms0593,5,y^{4}xy^{-1}x^{-1},21,16_1,29,130,25,19801610,ms0103
ms0607,5,y^{3}xyx^{-1}y,21,17_{32},72,152,25,579184,ms0607
ms0614,5,y^{3}xyx^{-1}y^{-1},21,17_{32},50,105,25,2984856,ms0383
ms0621,5,y^{3}xy^{-2}x^{-1},21,16_5,60,131,25,8067508,ms0621
ms0628,5,y^{3}xy^{-1}x^{-1}y,21,17_{33},49,103,25,8025324,ms0397
ms0635,5,y^{3}xy^{-1}x^{-1}y^{-1},21,17_{33},49,103,25,8025324,ms0397
ms0649,5,y^{3}x^{-1}y^{-1}xy^{-1},21,16_1,29,130,25,19801610,ms0103
ms0663,5,y^{2}xy^{2}x^{-1}y,21,16_4,73,153,25,49744,ms0663
ms0670,5,y^{2}xy^{2}x^{-1}y^{-1},21,16_4,60,132,25,8067508,ms0621
ms0677,5,y^{2}xyx^{-1}y^{2},21,17_{30},74,154,25,165184,ms0677
ms0684,5,y^{2}xyx^{-1}y^{-2},21,17_{30},49,104,25,8025324,ms0397
ms0691,5,y^{2}x^{2}yx^{-2},21,21_{14},71,155,25,52544,ms0572
ms0698,5,y^{2}x^{2}y^{-1}x^{-2},21,21_{15},75,156,25,52544,ms0698
ms0719,5,y^{2}xy^{-1}x^{-1}y^{2},21,17_{31},76,157,25,606972,ms0719
ms0726,5,y^{2}xy^{-1}x^{-1}y^{-2},21,17_{31},30,158,25,16922300,ms0159
ms0740,5,y^{2}x^{-1}y^{-1}xy^{-2},21,14_1,10,159,26,442977536,fcc:fcc_ms0352_cap26.log
ms0747,5,y^{2}x^{-1}y^{-2}xy^{-1},21,17_{33},49,103,25,8025324,ms0397
ms0768,5,yx^{2}yx^{-1}yx^{-1},21,20_4,77,160,25,12000,ms0768
ms0775,5,y^{-1}xy^{-1}x^{-1}y^{-3},21,16_1,70,161,25,152832,ms0558
ms0782,5,y^{-2}xyx^{-1}y^{-2},21,17_{32},76,162,25,606972,ms0719
ms0789,5,y^{-2}xy^{-1}x^{-1}y^{-2},21,17_{33},74,163,25,165184,ms0677
ms0810,5,y^{-1}x^{-1}y^{-2}xy^{-2},21,16_5,73,164,25,49744,ms0663
ms0817,5,y^{-1}x^{-1}y^{-3}xy,21,17_{30},49,104,25,8025324,ms0397
ms0824,5,y^{-1}x^{-1}y^{-3}xy^{-1},21,17_{31},72,165,25,579184,ms0607
ms0831,5,x^{-1}y^{-1}xy^{4},21,14_1,10,166,26,442977536,fcc:fcc_ms0352_cap26.log
ms0838,5,x^{-1}y^{-1}x^{2}yx^{-1}y^{-1},21,21_{27},78,167,25,20608,ms0838
ms0845,5,x^{-1}y^{-1}x^{2}y^{-1}x^{-1}y^{-1},21,20_7,77,168,25,12000,ms0768
ms0873,5,x^{-1}y^{-3}xy^{2},21,16_4,60,132,25,8067508,ms0621
ms0887,5,x^{-1}y^{-4}xy,21,16_1,29,129,25,19801610,ms0103
ms0901,5,x^{-1}y^{-1}x^{-1}y^{-1}x^{2}y,21,21_{28},79,169,25,12000,ms0901
ms0908,5,x^{-1}y^{-1}x^{-1}y^{-1}x^{2}y^{-1},21,21_{29},80,170,25,12000,ms0908
ms0915,5,x^{-2}y^{-1}xyxy,21,21_{21},81,171,25,13856,ms0915
ms0922,5,x^{-2}y^{-1}xyxy^{-1},21,21_{22},82,172,25,15168,ms0922
ms0929,5,x^{-2}y^{-1}x^{2}y^{2},21,21_{19},83,173,25,84416,ms0929
ms0936,5,x^{-2}y^{-1}x^{2}y^{-2},21,21_{20},84,174,25,84416,ms0936
ms0943,5,x^{-2}y^{-1}xy^{-1}xy,21,21_{23},67,175,25,13856,ms0530
ms0950,5,x^{-2}y^{-1}xy^{-1}xy^{-1},21,21_{24},68,176,25,12000,ms0537
ms0957,5,x^{-2}y^{-2}x^{2}y,21,21_{25},75,177,25,52544,ms0698
ms0964,5,y^{-1}xy^{-2}x^{-1}y^{-2},21,14_1,69,178,25,567648,ms0544
ms0971,5,yx^{2}y^{2}x^{-2},21,21_2,84,179,25,84416,ms0936
ms0992,5,yx^{2}yx^{-1}y^{-1}x^{-1},21,21_5,85,180,25,19520,ms0992
ms0999,5,yx^{2}yx^{-2}y,21,21_3,80,181,25,12000,ms0908
ms1006,5,yx^{2}yx^{-2}y^{-1},21,21_4,86,182,25,20608,ms1006
ms1013,5,yx^{2}y^{-2}x^{-2},21,21_9,83,183,25,84416,ms0929
ms1020,5,yx^{2}y^{-1}x^{-1}yx^{-1},21,21_6,78,184,25,20608,ms0838
ms1027,5,yx^{2}y^{-1}x^{-1}y^{-1}x^{-1},21,20_5,87,185,25,12000,ms1027
ms1034,5,yx^{2}y^{-1}x^{-2}y,21,21_7,79,186,25,12000,ms0901
ms1041,5,yx^{2}y^{-1}x^{-2}y^{-1},21,21_8,88,187,25,21696,ms1041
ms1048,5,yxy^{-1}xyx^{-2},21,21_{12},82,188,25,15168,ms0922
ms1055,5,yxy^{-1}xy^{-1}x^{-2},21,21_{13},81,189,25,13856,ms0915
ms1062,5,yxy^{-4}x^{-1},21,14_1,10,190,26,442977536,fcc:fcc_ms0352_cap26.log
ms1111,5,yx^{-1}y^{-1}x^{2}yx^{-1},21,21_{17},88,191,25,21696,ms1041
ms1118,5,yx^{-1}y^{-1}x^{2}y^{-1}x^{-1},21,21_{18},86,192,25,20608,ms1006
ms1139,5,yx^{-1}y^{-2}xy^{-2},21,16_5,60,131,25,8067508,ms0621
ms1146,5,yx^{-1}y^{-3}xy,21,17_{30},49,104,25,8025324,ms0397
ms1153,5,yx^{-1}y^{-3}xy^{-1},21,17_{31},50,106,25,2984856,ms0383
ms1160,5,yx^{-2}y^{-1}x^{2}y,21,20_6,87,193,25,12000,ms1027
ms1167,5,yx^{-2}y^{-1}x^{2}y^{-1},21,21_{16},85,194,25,19520,ms0992
ms0063,7,x^{-1}y^{-1}xy^{-1},22,22_{14},89,195,25,45210,ms0063
ms0070,7,yxyx^{-1},22,22_{13},89,196,25,45210,ms0063
ms0216,6,yx^{-1}y^{-1}xy^{2},22,19_{34},90,197,25,975096,ms0216
ms0223,6,yxy^{-2}x^{-1}y,22,19_{33},91,198,25,930004,ms0223
ms0230,6,y^{-1}xy^{-2}x^{-1}y^{-1},22,17_{36},92,199,25,112308,ms0230
ms0237,6,y^{-1}xy^{-1}x^{-1}y^{-2},22,17_1,93,200,25,15568,ms0237
ms0244,6,yx^{-1}y^{-1}xy^{-2},22,17_{36},94,201,25,957708,ms0244
ms0258,6,y^{-1}xy^{2}x^{-1}y^{-1},22,19_{34},91,202,25,930004,ms0223
ms0265,6,y^{2}x^{-1}y^{-1}xy^{-1},22,17_{35},95,203,25,435960,ms0265
ms0272,6,y^{2}xy^{-1}x^{-1}y,22,16_7,96,204,25,4418740,ms0272
ms0279,6,y^{2}xy^{-1}x^{-1}y^{-1},22,16_7,97,205,25,2717172,ms0279
ms0293,6,yx^{-1}y^{-2}xy^{-1},22,16_9,98,206,25,3530684,ms0293
ms0307,6,yx^{-1}y^{-2}xy,22,16_8,97,207,25,2717172,ms0279
ms0328,6,yxy^{-2}x^{-1}y^{-1},22,19_{33},90,208,25,975096,ms0216
ms0335,6,y^{2}xyx^{-1}y^{-1},22,16_6,98,209,25,3530684,ms0293
ms0342,6,x^{-1}y^{-2}xy^{-2},22,19_{36},99,210,25,41328,ms0342
ms0349,6,yxyx^{-1}y^{-2},22,17_1,95,211,25,435960,ms0265
ms0356,6,x^{-2}y^{-1}x^{2}y^{-1},22,22_4,100,212,25,4116,ms0356
ms0363,6,x^{-2}y^{-1}x^{2}y,22,22_3,101,213,25,4116,ms0363
ms0370,6,yx^{2}yx^{-2},22,22_1,100,214,25,4116,ms0356
ms0377,6,yxyx^{-1}y^{2},22,17_{35},93,215,25,15568,ms0237
ms0412,6,yxy^{-3}x^{-1},22,17_{38},102,216,25,1959416,ms0412
ms0419,6,yx^{2}y^{-1}x^{-2},22,22_2,101,217,25,4116,ms0363
ms0440,6,yxy^{2}x^{-1}y^{-1},22,17_{34},94,218,25,957708,ms0244
ms0454,6,yxy^{2}x^{-1}y,22,17_{34},92,219,25,112308,ms0230
ms0461,6,x^{-1}y^{-1}xy^{3},22,17_{39},102,220,25,1959416,ms0412
ms0468,6,y^{2}xy^{2}x^{-1},22,19_{35},99,221,25,41328,ms0342
ms0475,6,y^{-1}x^{-1}y^{-2}xy,22,16_8,96,222,25,4418740,ms0272
ms0482,6,yxy^{3}x^{-1},22,17_{37},103,223,25,1129356,ms0482
ms0489,6,x^{-1}y^{-1}xy^{-3},22,17_{40},103,224,25,1129356,ms0482
ms0496,6,y^{2}xyx^{-1}y,22,16_6,104,225,25,359184,ms0496
ms0503,6,y^{-1}x^{-1}y^{-2}xy^{-1},22,16_9,104,226,25,359184,ms0496
ms0091,7,x^{-1}y^{-1}xy^{2},23,19_{38},105,227,25,4304904,ms0091
ms0105,7,yxyx^{-1}y^{-1},23,21_1,106,228,25,220728,ms0105
ms0112,7,yxyx^{-1}y,23,23_{21},107,229,25,6600,ms0112
ms0119,7,x^{-1}y^{-1}xy^{-2},23,21_{37},108,230,25,569760,ms0119
ms0133,7,y^{-1}xy^{-1}x^{-1}y^{-1},23,23_{24},107,231,25,6600,ms0112
ms0140,7,yxy^{-2}x^{-1},23,19_{37},105,232,25,4304904,ms0091
ms0154,7,y^{2}xyx^{-1},23,23_{22},109,233,25,258144,ms0154
ms0161,7,y^{2}xy^{-1}x^{-1},23,21_{35},110,234,25,1259400,ms0161
ms0168,7,x^{-1}y^{-2}xy^{-1},23,23_{23},109,235,25,258144,ms0154
ms0175,7,yxy^{2}x^{-1},23,21_{34},108,236,25,569760,ms0119
ms0203,7,yx^{-1}y^{-1}xy^{-1},23,21_{36},106,237,25,220728,ms0105
ms0210,7,x^{-1}y^{-2}xy,23,21_{38},110,238,25,1259400,ms0161
ms0510,6,yxyx^{-1}y^{-3},23,17_1,111,239,25,390524,ms0510
ms0517,6,yxy^{4}x^{-1},23,17_{38},112,240,25,697376,ms0517
ms0524,6,yxy^{3}x^{-1}y,23,17_{37},113,241,25,260768,ms0524
ms0531,6,yxyxy^{-1}x^{-2},23,23_6,114,242,25,2944,ms0531
ms0538,6,yxyxyx^{-2},23,23_5,115,243,25,2400,ms0538
ms0545,6,yxy^{2}x^{-1}y^{2},23,17_{34},116,244,25,21344,ms0545
ms0552,6,yxy^{2}x^{-1}y^{-2},23,17_{34},117,245,25,346240,ms0552
ms0559,6,yxyx^{-1}y^{3},23,17_{35},118,246,25,22656,ms0559
ms0566,6,yxy^{3}x^{-1}y^{-1},23,17_{37},119,247,25,703016,ms0566
ms0573,6,x^{-2}y^{-2}x^{2}y^{-1},23,23_{19},120,248,25,21248,ms0573
ms0580,6,y^{2}x^{-1}y^{-2}xy,23,16_8,121,249,25,895656,ms0580
ms0587,6,y^{4}xyx^{-1},23,16_8,122,250,25,658816,ms0587
ms0594,6,y^{4}xy^{-1}x^{-1},23,16_9,123,251,25,1280684,ms0594
ms0650,6,y^{3}x^{-1}y^{-1}xy^{-1},23,17_{35},111,252,25,390524,ms0510
ms0657,6,y^{2}xy^{3}x^{-1},23,18_4,124,253,25,66336,ms0657
ms0664,6,y^{2}xy^{2}x^{-1}y,23,19_{35},125,254,25,5664,ms0664
ms0671,6,y^{2}xy^{2}x^{-1}y^{-1},23,19_{35},126,255,25,59824,ms0671
ms0678,6,y^{2}xyx^{-1}y^{2},23,16_{10},127,256,25,44320,ms0678
ms0685,6,y^{2}xyx^{-1}y^{-2},23,16_6,128,257,25,855520,ms0685
ms0692,6,y^{2}x^{2}yx^{-2},23,23_9,120,258,25,21248,ms0573
ms0699,6,y^{2}x^{2}y^{-1}x^{-2},23,23_{10},129,259,25,21248,ms0699
ms0720,6,y^{2}xy^{-1}x^{-1}y^{2},23,16_7,130,260,25,557492,ms0720
ms0727,6,y^{2}xy^{-1}x^{-1}y^{-2},23,16_7,121,261,25,895656,ms0580
ms0734,6,y^{2}x^{-1}y^{-1}xy^{2},23,19_{34},131,262,25,161856,ms0734
ms0741,6,y^{2}x^{-1}y^{-1}xy^{-2},23,17_{36},117,263,25,346240,ms0552
ms0748,6,y^{2}x^{-1}y^{-2}xy^{-1},23,16_9,128,264,25,855520,ms0685
ms0769,6,yx^{2}yx^{-1}yx^{-1},23,21_{30},132,265,25,2400,ms0769
ms0776,6,y^{-1}xy^{-1}x^{-1}y^{-3},23,17_1,118,266,25,22656,ms0559
ms0783,6,y^{-2}xyx^{-1}y^{-2},23,16_8,130,267,25,557492,ms0720
ms0790,6,y^{-2}xy^{-1}x^{-1}y^{-2},23,16_9,127,268,25,44320,ms0678
ms0811,6,y^{-1}x^{-1}y^{-2}xy^{-2},23,19_{36},125,269,25,5664,ms0664
ms0832,6,x^{-1}y^{-1}xy^{4},23,17_{40},133,270,25,1176472,ms0832
ms0839,6,x^{-1}y^{-1}x^{2}yx^{-1}y^{-1},23,23_{20},134,271,25,2944,ms0839
ms0846,6,x^{-1}y^{-1}x^{2}y^{-1}x^{-1}y^{-1},23,21_{33},132,272,25,2400,ms0769
ms0853,6,x^{-1}y^{-1}xy^{-4},23,17_{39},112,273,25,697376,ms0517
ms0867,6,x^{-1}y^{-2}xy^{-3},23,18_5,124,274,25,66336,ms0657
ms0888,6,x^{-1}y^{-4}xy,23,16_6,123,275,25,1280684,ms0594
ms0895,6,x^{-1}y^{-4}xy^{-1},23,16_7,122,276,25,658816,ms0587
ms0902,6,x^{-1}y^{-1}x^{-1}y^{-1}x^{2}y,23,22_{11},135,277,25,2400,ms0902
ms0909,6,x^{-1}y^{-1}x^{-1}y^{-1}x^{2}y^{-1},23,22_{12},136,278,25,2400,ms0909
ms0916,6,x^{-2}y^{-1}xyxy,23,23_{14},137,279,25,2944,ms0916
ms0923,6,x^{-2}y^{-1}xyxy^{-1},23,23_{15},138,280,25,3488,ms0923
ms0930,6,x^{-2}y^{-1}x^{2}y^{2},23,23_{12},139,281,25,12192,ms0930
ms0937,6,x^{-2}y^{-1}x^{2}y^{-2},23,23_{13},140,282,25,12192,ms0937
ms0944,6,x^{-2}y^{-1}xy^{-1}xy,23,23_{16},114,283,25,2944,ms0531
ms0951,6,x^{-2}y^{-1}xy^{-1}xy^{-1},23,23_{17},115,284,25,2400,ms0538
ms0958,6,x^{-2}y^{-2}x^{2}y,23,23_{18},129,285,25,21248,ms0699
ms0965,6,y^{-1}xy^{-2}x^{-1}y^{-2},23,17_{36},116,286,25,21344,ms0545
ms0972,6,yx^{2}y^{2}x^{-2},23,23_1,140,287,25,12192,ms0937
ms0979,6,y^{-1}xy^{-3}x^{-1}y^{-1},23,17_{40},113,288,25,260768,ms0524
ms0986,6,y^{-1}xy^{2}x^{-1}y^{-2},23,19_{34},141,289,25,374112,ms0986
ms0993,6,yx^{2}yx^{-1}y^{-1}x^{-1},23,23_2,142,290,25,2944,ms0993
ms1000,6,yx^{2}yx^{-2}y,23,22_5,136,291,25,2400,ms0909
ms1007,6,yx^{2}yx^{-2}y^{-1},23,22_6,143,292,25,2944,ms1007
ms1014,6,yx^{2}y^{-2}x^{-2},23,23_4,139,293,25,12192,ms0930
ms1021,6,yx^{2}y^{-1}x^{-1}yx^{-1},23,23_3,134,294,25,2944,ms0839
ms1028,6,yx^{2}y^{-1}x^{-1}y^{-1}x^{-1},23,21_{31},144,295,25,2400,ms1028
ms1035,6,yx^{2}y^{-1}x^{-2}y,23,22_7,135,296,25,2400,ms0902
ms1042,6,yx^{2}y^{-1}x^{-2}y^{-1},23,22_8,145,297,25,2944,ms1042
ms1049,6,yxy^{-1}xyx^{-2},23,23_7,138,298,25,3488,ms0923
ms1056,6,yxy^{-1}xy^{-1}x^{-2},23,23_8,137,299,25,2944,ms0916
ms1063,6,yxy^{-4}x^{-1},23,17_{37},133,300,25,1176472,ms0832
ms1070,6,yxy^{-3}x^{-1}y,23,17_{38},146,301,25,845572,ms1070
ms1077,6,yxy^{-3}x^{-1}y^{-1},23,17_{38},147,302,25,681184,ms1077
ms1084,6,yxy^{-2}x^{-1}y^{2},23,19_{33},141,303,25,374112,ms0986
ms1091,6,yxy^{-2}x^{-1}y^{-2},23,19_{33},131,304,25,161856,ms0734
ms1105,6,yx^{-1}y^{-1}xy^{3},23,17_{39},147,305,25,681184,ms1077
ms1112,6,yx^{-1}y^{-1}x^{2}yx^{-1},23,22_9,145,306,25,2944,ms1042
ms1119,6,yx^{-1}y^{-1}x^{2}y^{-1}x^{-1},23,22_{10},143,307,25,2944,ms1007
ms1126,6,yx^{-1}y^{-1}xy^{-3},23,17_{40},119,308,25,703016,ms0566
ms1140,6,yx^{-1}y^{-2}xy^{-2},23,19_{36},126,309,25,59824,ms0671
ms1161,6,yx^{-2}y^{-1}x^{2}y,23,21_{32},144,310,25,2400,ms1028
ms1168,6,yx^{-2}y^{-1}x^{2}y^{-1},23,23_{11},142,311,25,2944,ms0993
ms1175,6,y^{-1}xy^{3}x^{-1}y^{-1},23,17_{39},146,312,25,845572,ms1070
ms0217,7,yx^{-1}y^{-1}xy^{2},24,17_{42},148,313,25,1737244,ms0217
ms0224,7,yxy^{-2}x^{-1}y,24,19_{37},149,314,25,536032,ms0224
ms0231,7,y^{-1}xy^{-2}x^{-1}y^{-1},24,21_{37},150,315,25,5460,ms0231
ms0238,7,y^{-1}xy^{-1}x^{-1}y^{-2},24,18_7,151,316,25,1484,ms0238
ms0245,7,yx^{-1}y^{-1}xy^{-2},24,15_{13},152,317,25,1344104,ms0245
ms0259,7,y^{-1}xy^{2}x^{-1}y^{-1},24,20_{12},149,318,25,536032,ms0224
ms0266,7,y^{2}x^{-1}y^{-1}xy^{-1},24,18_6,153,319,25,73276,ms0266
ms0273,7,y^{2}xy^{-1}x^{-1}y,24,21_{35},154,320,25,324548,ms0273
ms0280,7,y^{2}xy^{-1}x^{-1}y^{-1},24,21_{35},155,321,25,191884,ms0280
ms0294,7,yx^{-1}y^{-2}xy^{-1},24,23_{23},156,322,25,359016,ms0294
ms0308,7,yx^{-1}y^{-2}xy,24,21_{38},155,323,25,191884,ms0280
ms0329,7,yxy^{-2}x^{-1}y^{-1},24,17_{41},148,324,25,1737244,ms0217
ms0336,7,y^{2}xyx^{-1}y^{-1},24,23_{22},156,325,25,359016,ms0294
ms0343,7,x^{-1}y^{-2}xy^{-2},24,20_{11},157,326,25,2492,ms0343
ms0350,7,yxyx^{-1}y^{-2},24,18_7,153,327,25,73276,ms0266
ms0357,7,x^{-2}y^{-1}x^{2}y^{-1},24,24_4,158,328,25,476,ms0357
ms0364,7,x^{-2}y^{-1}x^{2}y,24,24_3,159,329,25,476,ms0364
ms0371,7,yx^{2}yx^{-2},24,24_1,158,330,25,476,ms0357
ms0378,7,yxyx^{-1}y^{2},24,18_6,151,331,25,1484,ms0238
ms0385,7,y^{3}xyx^{-1},24,19_{40},160,332,25,417488,ms0385
ms0392,7,x^{-1}y^{-3}xy^{-1},24,19_{42},160,333,25,417488,ms0385
ms0399,7,y^{3}xy^{-1}x^{-1},24,18_9,161,334,25,785368,ms0399
ms0406,7,x^{-1}y^{-3}xy,24,18_{11},161,335,25,785368,ms0399
ms0413,7,yxy^{-3}x^{-1},24,18_8,162,336,25,881136,ms0413
ms0420,7,yx^{2}y^{-1}x^{-2},24,24_2,159,337,25,476,ms0364
ms0441,7,yxy^{2}x^{-1}y^{-1},24,15_{12},152,338,25,1344104,ms0245
ms0455,7,yxy^{2}x^{-1}y,24,21_{34},150,339,25,5460,ms0231
ms0462,7,x^{-1}y^{-1}xy^{3},24,18_{10},162,340,25,881136,ms0413
ms0469,7,y^{2}xy^{2}x^{-1},24,20_{10},157,341,25,2492,ms0343
ms0476,7,y^{-1}x^{-1}y^{-2}xy,24,21_{38},154,342,25,324548,ms0273
ms0483,7,yxy^{3}x^{-1},24,19_{39},163,343,25,387268,ms0483
ms0490,7,x^{-1}y^{-1}xy^{-3},24,19_{41},163,344,25,387268,ms0483
ms0497,7,y^{2}xyx^{-1}y,24,23_{22},164,345,25,5460,ms0497
ms0504,7,y^{-1}x^{-1}y^{-2}xy^{-1},24,23_{23},164,346,25,5460,ms0497
ms0511,7,yxyx^{-1}y^{-3},25,18_7,165,347,25,128720,ms0511
ms0525,7,yxy^{3}x^{-1}y,25,19_{39},166,348,25,61984,ms0525
ms0532,7,yxyxy^{-1}x^{-2},25,25_{12},167,349,25,544,ms0532
ms0539,7,yxyxyx^{-2},25,25_{11},168,350,25,544,ms0539
ms0546,7,yxy^{2}x^{-1}y^{2},25,21_{34},169,351,25,544,ms0546
ms0553,7,yxy^{2}x^{-1}y^{-2},25,15_{14},170,352,25,193408,ms0553
ms0560,7,yxyx^{-1}y^{3},25,18_6,171,353,25,2176,ms0560
ms0567,7,yxy^{3}x^{-1}y^{-1},25,19_{39},172,354,25,371476,ms0567
ms0574,7,x^{-2}y^{-2}x^{2}y^{-1},25,25_{28},173,355,25,544,ms0574
ms0581,7,y^{2}x^{-1}y^{-2}xy,25,21_{38},174,356,25,88704,ms0581
ms0588,7,y^{4}xyx^{-1},25,19_{46},175,357,25,493796,ms0588
ms0595,7,y^{4}xy^{-1}x^{-1},25,19_{47},176,358,25,638932,ms0595
ms0602,7,y^{3}xy^{2}x^{-1},25,21_{40},177,359,25,7072,ms0602
ms0609,7,y^{3}xyx^{-1}y,25,19_{40},178,360,25,78688,ms0609
ms0616,7,y^{3}xyx^{-1}y^{-1},25,19_{40},179,361,25,339148,ms0616
ms0623,7,y^{3}xy^{-2}x^{-1},25,19_{45},180,362,25,277204,ms0623
ms0630,7,y^{3}xy^{-1}x^{-1}y,25,18_9,181,363,25,328052,ms0630
ms0637,7,y^{3}xy^{-1}x^{-1}y^{-1},25,18_9,182,364,25,308188,ms0637
ms0651,7,y^{3}x^{-1}y^{-1}xy^{-1},25,18_6,165,365,25,128720,ms0511
ms0658,7,y^{2}xy^{3}x^{-1},25,21_{39},183,366,25,7072,ms0658
ms0665,7,y^{2}xy^{2}x^{-1}y,25,20_{10},184,367,25,544,ms0665
ms0672,7,y^{2}xy^{2}x^{-1}y^{-1},25,20_{10},185,368,25,9904,ms0672
ms0679,7,y^{2}xyx^{-1}y^{2},25,23_{22},186,369,25,544,ms0679
ms0686,7,y^{2}xyx^{-1}y^{-2},25,19_{43},187,370,25,100384,ms0686
ms0693,7,y^{2}x^{2}yx^{-2},25,25_{15},173,371,25,544,ms0574
ms0700,7,y^{2}x^{2}y^{-1}x^{-2},25,25_{16},188,372,25,544,ms0700
ms0707,7,y^{2}xy^{-3}x^{-1},25,19_{44},189,373,25,296320,ms0707
ms0721,7,y^{2}xy^{-1}x^{-1}y^{2},25,21_{35},190,374,25,25696,ms0721
ms0728,7,y^{2}xy^{-1}x^{-1}y^{-2},25,21_{35},174,375,25,88704,ms0581
ms0735,7,y^{2}x^{-1}y^{-1}xy^{2},25,17_{42},191,376,25,95552,ms0735
ms0742,7,y^{2}x^{-1}y^{-1}xy^{-2},25,15_{15},170,377,25,193408,ms0553
ms0749,7,y^{2}x^{-1}y^{-2}xy^{-1},25,19_{48},187,378,25,100384,ms0686
ms0770,7,yx^{2}yx^{-1}yx^{-1},25,25_2,192,379,25,544,ms0770
ms0777,7,y^{-1}xy^{-1}x^{-1}y^{-3},25,18_7,171,380,25,2176,ms0560
ms0784,7,y^{-2}xyx^{-1}y^{-2},25,21_{38},190,381,25,25696,ms0721
ms0791,7,y^{-2}xy^{-1}x^{-1}y^{-2},25,23_{23},186,382,25,544,ms0679
ms0812,7,y^{-1}x^{-1}y^{-2}xy^{-2},25,20_{11},184,383,25,544,ms0665
ms0819,7,y^{-1}x^{-1}y^{-3}xy,25,18_{11},181,384,25,328052,ms0630
ms0826,7,y^{-1}x^{-1}y^{-3}xy^{-1},25,19_{42},178,385,25,78688,ms0609
ms0840,7,x^{-1}y^{-1}x^{2}yx^{-1}y^{-1},25,25_{29},193,386,25,544,ms0840
ms0847,7,x^{-1}y^{-1}x^{2}y^{-1}x^{-1}y^{-1},25,25_{30},192,387,25,544,ms0770
ms0861,7,x^{-1}y^{-2}xy^{3},25,19_{49},189,388,25,296320,ms0707
ms0868,7,x^{-1}y^{-2}xy^{-3},25,21_{41},183,389,25,7072,ms0658
ms0875,7,x^{-1}y^{-3}xy^{2},25,19_{50},180,390,25,277204,ms0623
ms0882,7,x^{-1}y^{-3}xy^{-2},25,21_{42},177,391,25,7072,ms0602
ms0889,7,x^{-1}y^{-4}xy,25,19_{51},176,392,25,638932,ms0595
ms0896,7,x^{-1}y^{-4}xy^{-1},25,19_{52},175,393,25,493796,ms0588
ms0903,7,x^{-1}y^{-1}x^{-1}y^{-1}x^{2}y,25,25_{31},194,394,25,544,ms0903
ms0910,7,x^{-1}y^{-1}x^{-1}y^{-1}x^{2}y^{-1},25,25_{32},195,395,25,544,ms0910
ms0917,7,x^{-2}y^{-1}xyxy,25,25_{23},196,396,25,544,ms0917
ms0924,7,x^{-2}y^{-1}xyxy^{-1},25,25_{24},197,397,25,544,ms0924
ms0931,7,x^{-2}y^{-1}x^{2}y^{2},25,25_{21},198,398,25,544,ms0931
ms0938,7,x^{-2}y^{-1}x^{2}y^{-2},25,25_{22},199,399,25,544,ms0938
ms0945,7,x^{-2}y^{-1}xy^{-1}xy,25,25_{25},167,400,25,544,ms0532
ms0952,7,x^{-2}y^{-1}xy^{-1}xy^{-1},25,25_{26},168,401,25,544,ms0539
ms0959,7,x^{-2}y^{-2}x^{2}y,25,25_{27},188,402,25,544,ms0700
ms0966,7,y^{-1}xy^{-2}x^{-1}y^{-2},25,21_{37},169,403,25,544,ms0546
ms0973,7,yx^{2}y^{2}x^{-2},25,25_1,199,404,25,544,ms0938
ms0980,7,y^{-1}xy^{-3}x^{-1}y^{-1},25,19_{41},166,405,25,61984,ms0525
ms0987,7,y^{-1}xy^{2}x^{-1}y^{-2},25,20_{12},200,406,25,149248,ms0987
ms0994,7,yx^{2}yx^{-1}y^{-1}x^{-1},25,25_5,201,407,25,544,ms0994
ms1001,7,yx^{2}yx^{-2}y,25,25_3,195,408,25,544,ms0910
ms1008,7,yx^{2}yx^{-2}y^{-1},25,25_4,202,409,25,544,ms1008
ms1015,7,yx^{2}y^{-2}x^{-2},25,25_{10},198,410,25,544,ms0931
ms1022,7,yx^{2}y^{-1}x^{-1}yx^{-1},25,25_6,193,411,25,544,ms0840
ms1029,7,yx^{2}y^{-1}x^{-1}y^{-1}x^{-1},25,25_9,203,412,25,544,ms1029
ms1036,7,yx^{2}y^{-1}x^{-2}y,25,25_7,194,413,25,544,ms0903
ms1043,7,yx^{2}y^{-1}x^{-2}y^{-1},25,25_8,204,414,25,544,ms1043
ms1050,7,yxy^{-1}xyx^{-2},25,25_{13},197,415,25,544,ms0924
ms1057,7,yxy^{-1}xy^{-1}x^{-2},25,25_{14},196,416,25,544,ms0917
ms1071,7,yxy^{-3}x^{-1}y,25,18_8,205,417,25,295988,ms1071
ms1078,7,yxy^{-3}x^{-1}y^{-1},25,18_8,206,418,25,340512,ms1078
ms1085,7,yxy^{-2}x^{-1}y^{2},25,19_{37},200,419,25,149248,ms0987
ms1092,7,yxy^{-2}x^{-1}y^{-2},25,17_{41},191,420,25,95552,ms0735
ms1106,7,yx^{-1}y^{-1}xy^{3},25,18_{10},206,421,25,340512,ms1078
ms1113,7,yx^{-1}y^{-1}x^{2}yx^{-1},25,25_{19},204,422,25,544,ms1043
ms1120,7,yx^{-1}y^{-1}x^{2}y^{-1}x^{-1},25,25_{20},202,423,25,544,ms1008
ms1127,7,yx^{-1}y^{-1}xy^{-3},25,19_{41},172,424,25,371476,ms0567
ms1141,7,yx^{-1}y^{-2}xy^{-2},25,20_{11},185,425,25,9904,ms0672
ms1148,7,yx^{-1}y^{-3}xy,25,18_{11},182,426,25,308188,ms0637
ms1155,7,yx^{-1}y^{-3}xy^{-1},25,19_{42},179,427,25,339148,ms0616
ms1162,7,yx^{-2}y^{-1}x^{2}y,25,25_{17},203,428,25,544,ms1029
ms1169,7,yx^{-2}y^{-1}x^{2}y^{-1},25,25_{18},201,429,25,544,ms0994
ms1176,7,y^{-1}xy^{3}x^{-1}y^{-1},25,18_{10},205,430,25,295988,ms1071
